ID,DVI,EVI,GNDVI,GRVI,IPVI,LCI,MSAVI,MSRI,NDRE,NDVI,NGRVI,OSAVI,RVI,SAVI,SRI,TDVI,VREI,WDRVI
A1,14991.14318,1.261580438,0.303096287,2.005451686,0.815131634,-0.016845083,0.77010334,1.148629367,-0.007923302,0.630263268,0.406461293,0.630258791,0.22987336,-0.011885167,4.719400326,1.062447105,0.995414707,-0.049841714
A2,12758.76864,1.196917372,0.306999651,2.017350912,0.802908134,-0.001993512,0.751052506,1.059656153,0.002243809,0.605816268,0.368236796,0.605811272,0.248918835,0.003365025,4.323394944,1.050816139,1.019495054,-0.089803962
A3,12876.58286,1.18823199,0.309165355,2.03075007,0.800874801,0.00143752,0.747030074,1.053776391,0.004000305,0.601749602,0.361782481,0.601744748,0.252941397,0.005999798,4.313825494,1.048698693,1.022452213,-0.093954339
A4,14040.27519,1.198149992,0.292925223,1.941914496,0.803198571,-0.020791064,0.751682501,1.061455123,-0.010628708,0.606397143,0.38352977,0.606392693,0.248293517,-0.015943238,4.332635885,1.051128411,0.98961739,-0.089136352
A5,15423.45322,1.277332743,0.312141221,2.044092618,0.818106699,-0.012948828,0.774680023,1.169536376,-0.005661927,0.636213399,0.406340919,0.636208986,0.225294787,-0.008493119,4.80980584,1.065267169,0.99945927,-0.040178558
A6,14587.69211,1.260346211,0.300190711,1.992519101,0.814832434,-0.020034134,0.769502263,1.147589945,-0.009561054,0.629664867,0.408704086,0.629660251,0.230470114,-0.014341806,4.715846693,1.062133789,0.993140184,-0.050412769
A7,15278.52636,1.329592271,0.349244084,2.268838664,0.826977571,0.02325571,0.786861572,1.263931033,0.016536537,0.653955142,0.399977887,0.653950408,0.213117243,0.024804078,5.29981228,1.073338565,1.047711798,-0.004101544
A8,13704.14899,1.308430878,0.353165817,2.301376037,0.822946623,0.02348108,0.780531595,1.280679538,0.018010537,0.645893247,0.385511344,0.64588801,0.219443102,0.027014804,4.997502193,1.069494186,1.053868268,-0.016742201
A9,14810.25425,1.303341495,0.338628335,2.18128044,0.822778761,0.014409074,0.781519969,1.209347954,0.011354781,0.645557521,0.394916138,0.645552739,0.218453978,0.017031503,4.171161602,1.06961535,1.035653391,-0.023279952
A10,12602.29995,1.164676495,0.295449906,1.963059078,0.796485095,-0.013198587,0.740420287,1.021498818,-0.005240746,0.592970191,0.362903024,0.592965361,0.259550395,-0.00786158,5.452256971,1.044568371,1.003333354,-0.108590088
A11,15035.94886,1.348921616,0.356450008,2.317792262,0.830401414,0.026483495,0.791740134,1.294927324,0.018853827,0.660802829,0.403324599,0.660797892,0.20823797,0.028279904,4.605178488,1.076497528,1.054098385,0.008618397
A12,14498.55905,1.243089025,0.303322429,1.996875731,0.811614672,-0.013521524,0.764563104,1.123136899,-0.006166074,0.623229344,0.397342375,0.623224808,0.235416538,-0.009249366,4.701559515,1.059087632,0.998759683,-0.061227749
A13,14438.84736,1.260414347,0.31154275,2.040031745,0.814929508,-0.017885095,0.769781462,1.145706762,-0.008227306,0.629859017,0.397970415,0.629854355,0.23019287,-0.012341206,4.501563169,1.0622549,0.995598909,-0.050701254
A14,14437.40707,1.227126988,0.292952004,1.951055386,0.808723833,-0.020738135,0.760368394,1.100182477,-0.010014919,0.617447666,0.398188939,0.617443177,0.239609755,-0.015022598,4.875763031,1.056402619,0.992192267,-0.071414996
A15,14620.34764,1.28218618,0.318381907,2.08892365,0.818708072,-0.006758856,0.775054654,1.181401059,-0.001582553,0.637416143,0.402954115,0.63741141,0.22491965,-0.002374229,4.736043099,1.065714598,1.009317337,-0.036105701
A16,14618.58476,1.261878211,0.309757516,2.045437949,0.815032228,-0.009842808,0.769653026,1.151210846,-0.003439672,0.630064456,0.400057265,0.63005986,0.230324234,-0.005159836,4.85552332,1.062287397,1.005276628,-0.04916654
A17,14798.62717,1.280647389,0.316559565,2.079698401,0.818560212,-0.015921136,0.775114718,1.177608461,-0.007114225,0.637120424,0.403628098,0.637115792,0.224858384,-0.010671585,5.087346731,1.065637315,0.997879474,-0.037483782
A18,14694.62569,1.317886038,0.332459675,2.153955468,0.825480411,0.004474138,0.785647046,1.229616576,0.005509567,0.650960822,0.408520177,0.650955886,0.214327208,0.008263755,5.361230394,1.072167273,1.024156531,-0.014156667
A19,15546.33952,1.344963646,0.345347859,2.246794277,0.830003599,0.015818612,0.791689708,1.280879128,0.012132396,0.660007199,0.411304637,0.660002482,0.208289086,0.018197975,4.926048869,1.076246517,1.038329195,0.004814513
A20,14937.35038,1.295771267,0.326418788,2.109948699,0.821473194,-0.001526052,0.779660516,1.195573515,0.001828495,0.642946389,0.402461808,0.642941689,0.220313923,0.002742283,4.778206978,1.068413174,1.01599199,-0.028494617
A21,14620.51055,1.268281963,0.318430289,2.090822095,0.816229682,-0.009524933,0.771506259,1.160413719,-0.003159623,0.632459363,0.395233237,0.63245473,0.228472689,-0.004739791,4.531692363,1.063423345,1.006595136,-0.045147593
A22,15217.5881,1.227763705,0.291163063,1.963955898,0.808654515,-0.01335197,0.759866072,1.10464311,-0.005815228,0.617309029,0.39957794,0.617304788,0.240112009,-0.008723118,4.889351997,1.056252243,1.000650181,-0.070371221
A23,14427.51976,1.28376827,0.323078629,2.116493659,0.819018714,0.00161469,0.775608298,1.184052647,0.00363334,0.638037428,0.399091343,0.63803263,0.224365658,0.005449479,4.472391907,1.066023865,1.020644514,-0.035098175
A24,14210.18191,1.219244301,0.294863476,1.96156612,0.807046514,-0.016951437,0.757346681,1.092071031,-0.007996798,0.614093029,0.392548861,0.614088533,0.242630474,-0.011995436,4.713460678,1.054719587,0.996110695,-0.075702722
A25,14792.44738,1.251714514,0.318442153,2.097955906,0.812889715,0.010553534,0.765980751,1.14256726,0.008837918,0.625779429,0.38667967,0.625774955,0.233989168,0.013256303,4.691337958,1.060174258,1.030814343,-0.054559749
A26,14573.03973,1.257170302,0.314625138,2.053882991,0.814260631,-0.003293641,0.768650555,1.142531422,0.000538477,0.628521263,0.393431848,0.628516651,0.231325598,0.000807283,4.994211193,1.061598144,1.013177641,-0.052493619
A27,14656.41585,1.301081696,0.326946456,2.12357796,0.82219397,-0.003179194,0.780257212,1.207889551,0.000696799,0.64438794,0.405486104,0.64438314,0.219714438,0.001044764,4.639170905,1.068984035,1.014199208,-0.02423351
A28,15113.68084,1.248570487,0.299772605,1.993364509,0.812678146,-0.029723513,0.766235944,1.130586689,-0.015600071,0.625356292,0.402605567,0.625351927,0.233745058,-0.023400169,4.273198619,1.060104466,0.980519455,-0.057932724
A29,13914.63788,1.185930744,0.300357622,1.969650721,0.800740114,-0.011559141,0.747473752,1.046767829,-0.0049307,0.601480229,0.369912722,0.601475814,0.252498546,-0.007396342,7.203882867,1.048710876,1.001055267,-0.096259406
A30,15938.68949,1.536785266,0.452359466,2.90928656,0.863452267,0.092259819,0.83922988,1.622934587,0.059933706,0.726904534,0.41416545,0.726898903,0.160742898,0.089898778,4.601407725,1.107047694,1.144332541,0.134234989
A31,14019.85115,1.238716378,0.308433014,2.028525973,0.810563154,-0.02335049,0.762461706,1.120414436,-0.011444234,0.621126307,0.389962495,0.621121612,0.237513301,-0.017166567,4.508049487,1.057987718,0.990103165,-0.063223931
A32,14529.97233,1.232299159,0.300227785,1.971947758,0.809834975,-0.020950297,0.762277826,1.103888773,-0.010325936,0.61966995,0.394035595,0.619665496,0.237701587,-0.015489062,4.392853593,1.057501115,0.99020753,-0.068781853
A33,13135.71268,1.204464727,0.311338191,2.046846807,0.804145791,-0.007466733,0.752603309,1.073290085,-0.001250385,0.608291583,0.368019902,0.608286718,0.247367368,-0.001876138,4.787002031,1.051912207,1.01228618,-0.084505641
A34,14426.74255,1.264621947,0.31687808,2.084682782,0.815316043,-0.003563941,0.769681598,1.159670511,0.00041507,0.630632087,0.394993247,0.630627372,0.230287662,0.000622137,5.035923675,1.062467286,1.013846366,-0.046619562
A35,15707.3708,1.313081361,0.325795703,2.112056475,0.824735362,0.003947857,0.784722155,1.219857029,0.004842124,0.649470725,0.412230528,0.649466188,0.215251197,0.007262719,4.534745686,1.071513019,1.021500562,-0.017747085
A36,12985.38865,1.235315848,0.333040911,2.144168463,0.810274469,0.012894109,0.762705283,1.109397828,0.01189197,0.620548938,0.363013239,0.620543775,0.237271314,0.017836988,4.598586177,1.05786333,1.040428869,-0.06652331
A37,14548.94503,1.239516807,0.295530418,1.962350017,0.810774967,-0.031460697,0.762852328,1.120356304,-0.016806981,0.621549933,0.402666904,0.62154542,0.23712306,-0.025210522,4.677149255,1.058204574,0.977509082,-0.062977096
A38,14445.43081,1.250873618,0.307148112,2.033749396,0.812900256,-0.00878367,0.766203545,1.137203696,-0.002674307,0.625800512,0.397070127,0.625795909,0.233775364,-0.004011843,4.608695376,1.060232176,1.007821431,-0.05578176
A39,14809.93484,1.235084497,0.296752023,1.992466875,0.809816843,-0.009276244,0.761300402,1.119128229,-0.003116581,0.619633686,0.398729139,0.619629256,0.238673539,-0.004675263,4.897831571,1.05727488,1.00715379,-0.065040854
A40,14228.64077,1.286286513,0.335644759,2.164873375,0.819371989,0.013066894,0.775793351,1.186932559,0.010485165,0.638743978,0.389267975,0.638739103,0.224194958,0.015727076,4.28006652,1.066281615,1.03447382,-0.03336723
A41,14219.76136,1.188129693,0.289977655,1.929758926,0.801224143,-0.027049088,0.748356123,1.048820931,-0.01430697,0.602448285,0.380564409,0.602443975,0.251618314,-0.021460531,4.974112058,1.049199339,0.982101892,-0.095120037
A42,15667.39451,1.307657675,0.311276924,2.037033672,0.823876382,-0.011154542,0.783691643,1.208597616,-0.004411587,0.647752764,0.422727027,0.647748247,0.216296919,-0.006617638,4.814542412,1.070760269,1.001659373,-0.021724085
A43,14753.60903,1.273014577,0.319923112,2.088701116,0.81702356,-0.002466516,0.77251356,1.168046398,0.000784485,0.63404712,0.397078806,0.634042507,0.22746386,0.001176311,4.527563213,1.064130034,1.013592373,-0.041938194
A44,14350.71199,1.235299989,0.313283372,2.023954722,0.810415911,-0.003775479,0.763179438,1.108072155,-6.542E-05,0.620831823,0.383637317,0.620827266,0.236796379,-9.85119E-05,4.887915678,1.058055104,1.010187105,-0.066968584
A45,15417.39542,1.284315724,0.305700093,2.037148692,0.819262522,-0.019606148,0.776258093,1.183787102,-0.009240397,0.638525044,0.415677039,0.638520574,0.223719077,-0.013860811,4.657995126,1.066314942,0.994338084,-0.035156742
A46,14200.73234,1.24733948,0.304980878,2.02422514,0.812237284,-0.012756977,0.76526286,1.132700854,-0.005186382,0.624474569,0.397094187,0.624469889,0.234719017,-0.007779923,4.804330775,1.059617677,1.002472245,-0.057917938
A47,14868.69848,1.279399407,0.311626471,2.033680851,0.818596615,-0.019316373,0.775644976,1.170023717,-0.009158973,0.63719323,0.408006072,0.637188628,0.224330039,-0.013738647,4.664179991,1.065776499,0.992936426,-0.039264615
A48,15008.17421,1.255249077,0.296318038,1.978216129,0.814039529,-0.027509823,0.76857608,1.137675869,-0.014140996,0.628079058,0.40887738,0.628074621,0.231403622,-0.021211586,4.943517554,1.061446343,0.983244396,-0.054150345
A49,15820.27664,1.306078655,0.314359082,2.049153017,0.823688043,-0.014127545,0.783527801,1.203567396,-0.006123822,0.647376087,0.418613329,0.647371655,0.21645806,-0.009185932,4.510984502,1.070612598,0.998070419,-0.023178951
A50,15302.53715,1.231833616,0.288325723,1.926103322,0.809727103,-0.032510895,0.762080896,1.103975315,-0.017497997,0.619454205,0.404598295,0.619449993,0.2379079,-0.026246982,4.271540556,1.057390401,0.975327048,-0.068980325
B1,15061.09164,1.266897281,0.317899456,2.111018125,0.815954942,-0.009794046,0.771067731,1.159726123,0.002876613,0.631909884,0.394176329,0.631905398,0.228913759,0.004314427,4.781491777,1.063158828,1.020180893,-0.0459229
B2,14659.92561,1.187239739,0.291424114,1.950028887,0.801156006,-0.017401311,0.748368094,1.045408198,-0.00352365,0.602312012,0.377628344,0.602307842,0.251604459,-0.005285783,4.258623949,1.049163796,1.004899324,-0.096058519
B3,14606.96608,1.180808517,0.282493055,1.901200455,0.800179697,-0.013455259,0.747343552,1.033140611,-0.008496525,0.600359393,0.38274875,0.600355253,0.25263293,-0.012744949,4.195815191,1.048341167,0.993406669,-0.100791721
B4,14940.90168,1.199966533,0.288490397,1.93611714,0.803635728,-0.023510212,0.752476666,1.062021103,-0.005889702,0.607271456,0.387154178,0.607267297,0.247492988,-0.008834801,4.330036283,1.051572853,0.999696884,-0.088381768
B5,14890.58958,1.220554366,0.291020145,1.95318632,0.807492713,-0.005081917,0.758318127,1.089423641,-0.011895356,0.614985426,0.395399954,0.61498114,0.241661784,-0.017843164,4.448245517,1.055207679,0.987631134,-0.075689284
B6,14480.08656,1.193943169,0.291651171,1.952275118,0.802488891,-0.010470069,0.750676867,1.053894627,-0.000876884,0.604977782,0.380991091,0.604973525,0.249298638,-0.001315675,4.294314774,1.05047767,1.009668187,-0.092074703
B7,14728.88817,1.195858212,0.28623354,1.932698201,0.802917371,-0.023258898,0.751425943,1.055166214,-0.003598483,0.605834742,0.386291713,0.605830531,0.248547714,-0.005398053,4.296495925,1.050905221,1.005369616,-0.091155033
B8,15475.63165,1.273313264,0.297900908,1.998062179,0.817447586,-0.02812006,0.77379026,1.161256985,-0.010950075,0.634895171,0.416075453,0.634890783,0.226193235,-0.016425301,4.764384714,1.064670306,0.991364002,-0.043091629
B9,15000.52549,1.245906598,0.296648339,1.987474076,0.812238292,-0.02477983,0.765622158,1.124636638,-0.014079805,0.624476584,0.403123143,0.62447219,0.234355254,-0.021119846,4.605113831,1.059703638,0.985058817,-0.059890933
B10,14178.0391,1.141627798,0.275841115,1.870516188,0.792408357,-0.025498961,0.734611079,0.986717119,-0.013635866,0.584816715,0.369129832,0.584812665,0.265365529,-0.020453838,4.01052584,1.040807895,0.98224654,-0.123666251
B11,14172.47877,1.139729891,0.273941821,1.874737694,0.792095551,-0.019323411,0.734260833,0.984006645,-0.013289585,0.584191103,0.368942974,0.584187039,0.265712761,-0.019934497,3.998695605,1.040539092,0.985222748,-0.124923165
B12,14629.61816,1.177481617,0.279775417,1.872727732,0.799877264,-0.005267839,0.747428961,1.023001744,-0.009197016,0.599754528,0.38316258,0.599750407,0.252552875,-0.013795681,4.136667761,1.048176808,0.991909795,-0.103988029
B13,15054.82502,1.266701967,0.310894095,2.039353381,0.816491694,-0.016414593,0.772771948,1.145838845,-0.00029414,0.632983388,0.40016896,0.632978891,0.22719677,-0.000441609,4.677624809,1.063869302,1.011591517,-0.04828832
B14,14658.92505,1.230282844,0.288449263,1.962881564,0.809317853,-0.025116197,0.761167043,1.103498635,-0.006536048,0.618635706,0.401866245,0.61863123,0.238809546,-0.009804463,4.512892227,1.056945053,1.001957789,-0.069574919
B15,14307.02924,1.141249128,0.271989387,1.853651013,0.792388319,-0.037069351,0.73465504,0.985404244,-0.013577833,0.584776639,0.372407577,0.584772631,0.265320983,-0.020366804,4.002773751,1.040806514,0.982931397,-0.124073748
B16,14507.34748,1.144733894,0.257424421,1.7966891,0.793188164,-0.03448927,0.73618017,0.987801434,-0.020147322,0.586376328,0.3871901,0.586372346,0.263796963,-0.030220949,4.007093515,1.041627846,0.971371123,-0.122395661
B17,14271.68004,1.128784263,0.256597527,1.78687309,0.790243664,-0.026822014,0.731686842,0.965729411,-0.018620799,0.580487328,0.379690602,0.580483364,0.268288465,-0.027931186,3.910137718,1.038849707,0.974007401,-0.132425456
B18,14185.50031,1.144110558,0.269131114,1.84330869,0.792989489,-0.032710585,0.735728219,0.988255029,-0.014398491,0.585978977,0.376129069,0.58597492,0.264250467,-0.021597777,4.012477976,1.041406793,0.981596641,-0.122510357
B19,14388.29604,1.135801201,0.261247359,1.802820532,0.791621156,-0.010320525,0.734091165,0.974938292,-0.017745255,0.583242312,0.37928012,0.583238357,0.265879833,-0.026617863,3.949531796,1.040210591,0.975220239,-0.128175668
B20,14874.91144,1.212633594,0.297657004,1.966570347,0.806410628,-0.023093623,0.757346323,1.071150675,-0.003601022,0.612821256,0.384426453,0.61281701,0.242633518,-0.005401832,4.347631372,1.054337223,1.004106503,-0.082044993
B21,14151.17158,1.140676874,0.266647769,1.833226143,0.792585541,-0.014814092,0.73548399,0.979749152,-0.011091151,0.585171082,0.375817345,0.585167018,0.264483951,-0.016636903,3.965549104,1.041112436,0.990348475,-0.125456948
B22,14417.7422,1.228752565,0.297506067,1.999907387,0.808832552,-0.013868202,0.759944209,1.103630349,-0.006055829,0.617665103,0.393037931,0.617660607,0.240029941,-0.009084084,4.518581437,1.056385017,1.001829785,-0.069972722
B23,15176.16178,1.265532699,0.298838648,1.999085929,0.815925584,-0.042916372,0.771383619,1.152051917,-0.005773314,0.63185117,0.411749922,0.631846719,0.22858921,-0.008660262,4.727575424,1.063214032,1.001023766,-0.047648826
B24,13553.87228,1.104466013,0.252013199,1.777229452,0.785348764,-0.017422428,0.723636316,0.938192847,-0.023809975,0.570697527,0.370939898,0.570693484,0.276337484,-0.03571485,3.803840961,1.034093729,0.964121317,-0.1463485
B25,15024.61856,1.241624846,0.291870824,1.971987518,0.811450392,-0.011714506,0.76444359,1.118686191,-0.007560381,0.622900783,0.405113304,0.62289643,0.235534933,-0.011340837,4.578731992,1.058964413,0.998710081,-0.062581612
B26,14593.0417,1.195775315,0.296125405,1.974915895,0.802602192,-0.037118446,0.750414324,1.060265215,-0.005182536,0.605204385,0.378351183,0.605200114,0.249559522,-0.007774102,4.332600099,1.050489549,1.001095796,-0.090158232
B27,13906.79349,1.101053174,0.251581142,1.767571452,0.784715093,-0.006749375,0.722687588,0.933442379,-0.020392423,0.569430186,0.369984393,0.56942628,0.277291235,-0.030588579,3.782794435,1.033497623,0.970437973,-0.148488554
B28,14913.71039,1.240704903,0.3038468,2.0265196,0.810969462,-0.030498011,0.763023101,1.121657274,-0.001772016,0.621938924,0.394104925,0.621934527,0.236954338,-0.002658399,4.602441866,1.058363404,1.009069027,-0.062214786
B29,14692.27502,1.181337793,0.272618559,1.859416355,0.800225699,-0.025683387,0.747331537,1.034998216,-0.016578926,0.600451397,0.392401398,0.600447303,0.252651671,-0.024868365,4.207236924,1.048364814,0.976934269,-0.100260848
B30,15140.23464,1.249636308,0.290724877,1.954313534,0.813261087,-0.023571199,0.767814959,1.123842262,-0.012520537,0.626522173,0.410149707,0.626517807,0.232168572,-0.018780956,4.585115643,1.060806723,0.987721634,-0.058695921
B31,14982.10156,1.159348682,0.273800816,1.860631083,0.796226497,-0.018014106,0.741400009,1.00282912,-0.011937454,0.592452995,0.378969094,0.592449102,0.258575524,-0.01790625,4.060282035,1.044626725,0.986691695,-0.11433963
B32,14641.67855,1.190499836,0.284242561,1.916718139,0.802108981,-0.019643269,0.750482674,1.044315334,-0.007990753,0.604217961,0.385237234,0.604213767,0.249502704,-0.011986367,4.239387781,1.050206519,0.996714104,-0.095181951
B33,14175.68977,1.160685325,0.288162774,1.92781379,0.796227311,-0.011654061,0.741023821,1.009614207,-0.009771844,0.592454623,0.366817309,0.592450452,0.258950011,-0.014657932,4.10350148,1.044541364,0.991487325,-0.112564281
B34,15201.00217,1.223358499,0.286322282,1.955502949,0.807731254,-0.027346399,0.758180208,1.099297175,-0.004344587,0.615462508,0.400933052,0.615458269,0.241792941,-0.006517222,4.509091874,1.055323328,1.004909066,-0.072870662
B35,13741.06466,1.114039966,0.26975451,1.845248204,0.787246245,-0.030390671,0.726736071,0.949527463,-0.014403382,0.57449249,0.359493817,0.574488448,0.273237828,-0.02160516,3.849004576,1.035931398,0.982619507,-0.140756873
B36,14682.07496,1.180582568,0.275315634,1.873446071,0.800167607,-0.017179492,0.747224496,1.031372995,-0.016104372,0.600335214,0.388743802,0.600331085,0.252744273,-0.024156579,4.183881174,1.048315449,0.97867802,-0.101158874
B37,14121.49665,1.165891785,0.286806595,1.925816134,0.797043478,-0.038658518,0.741779439,1.017564586,-0.008341702,0.594086955,0.370693329,0.594082768,0.258185108,-0.012512725,4.139519555,1.045213969,0.994275626,-0.10899865
B38,14542.17134,1.121424989,0.25516786,1.787851005,0.788758406,-0.012763203,0.729180671,0.957238085,-0.020793065,0.577516812,0.376716559,0.577512954,0.270809853,-0.031189575,3.876909072,1.037392512,0.970758694,-0.136663545
B39,14323.42302,1.153299939,0.275231392,1.878107129,0.794646243,0.017165861,0.738001217,1.000377052,-0.005214173,0.589292485,0.374942999,0.589288402,0.261969882,-0.007821551,4.063546761,1.042922673,1.002338347,-0.116750017
B40,14611.29832,1.227632717,0.323003739,2.104873692,0.808967114,-0.039547635,0.760987765,1.097276143,0.013153904,0.617934229,0.36834664,0.617929816,0.238990446,0.019730179,4.477762105,1.056687786,1.039613922,-0.071689514
B41,13169.12119,1.056322937,0.245280934,1.741663671,0.775666831,-0.036646195,0.70752656,0.882893702,-0.022389732,0.551333662,0.353135372,0.551329762,0.292444425,-0.033584518,3.588137628,1.024654567,0.966336163,-0.174055878
B42,14079.48604,1.111174394,0.24811073,1.761123109,0.786577609,0.100526856,0.725321072,0.947172817,-0.020014345,0.573155219,0.378396501,0.573151278,0.274654261,-0.030021506,3.842704547,1.035218936,0.971811573,-0.142183462
B43,16702.33164,1.491663659,0.430733777,2.696953369,0.856568029,-0.017946625,0.830805593,1.495444811,0.065062198,0.713136059,0.40776834,0.713130938,0.169171351,0.097591568,6.338326869,1.101024223,1.15292353,0.098956035
B44,15172.01044,1.235745458,0.298464264,1.984672462,0.810512843,-0.03409046,0.763290129,1.107521053,-0.008114655,0.621025686,0.396163439,0.621021431,0.236689266,-0.012172179,4.520931262,1.058140346,0.995995884,-0.066821528
B45,14494.82006,1.191452086,0.281304957,1.897078947,0.801960519,-0.029214248,0.749763488,1.051791244,-0.019149829,0.603921037,0.390333955,0.60391683,0.250223469,-0.028724659,4.289023912,1.049952523,0.97109192,-0.093398514
B46,14125.79834,1.114403421,0.256514174,1.77453994,0.787473547,-0.029984487,0.727389721,0.947998039,-0.016120404,0.574947093,0.372980034,0.574943193,0.272579654,-0.024180572,3.837603299,1.036214594,0.976820876,-0.141017157
B47,14728.06353,1.165668835,0.269115713,1.855545992,0.797308063,-0.032904077,0.742999027,1.013690773,-0.015465101,0.594616127,0.386498884,0.59461209,0.256985681,-0.023197728,4.113682183,1.045629982,0.981473694,-0.109979806
B48,14376.40336,1.142499104,0.254829351,1.791946069,0.792821123,0.031476967,0.735726533,0.984001582,-0.0174711,0.585642246,0.387580289,0.585638258,0.264256905,-0.026206646,3.988559202,1.041302903,0.976568151,-0.123948186
B49,14936.73449,1.25832372,0.336352623,2.151654818,0.81484846,-0.027132956,0.770110503,1.134959256,0.022334227,0.62969692,0.372063543,0.629692459,0.229866899,0.033500498,4.630841334,1.062281156,1.058859481,-0.053303532
B50,14907.42526,1.266659089,0.294371014,1.978152323,0.81626629,-0.030849754,0.77208705,1.14994835,-0.013151694,0.632532581,0.415675683,0.632528057,0.227894978,-0.019727703,4.706974217,1.063576513,0.987250441,-0.047514311
C1,11799.52954,1.061973173,0.266979058,1.881307642,0.774307733,-0.012057976,0.700354393,0.938024208,-0.006157811,0.548615466,0.338221851,0.548611072,0.299615855,-0.009237092,3.995251494,1.022272979,1.001253086,-0.162576067
C2,8244.728044,0.698698594,0.152987196,1.457284323,0.694548881,-0.090477419,0.54645427,0.542353592,-0.060886833,0.389097762,0.254429604,0.389094554,0.453519669,-0.091329296,2.442872564,0.940239051,0.894935414,-0.358925025
C3,8823.336052,0.797113773,0.190102768,1.601138369,0.715921955,-0.067466652,0.587228554,0.646640151,-0.045366581,0.43184391,0.270859653,0.431840187,0.412738371,-0.068049351,2.829091259,0.962099701,0.925424257,-0.305418155
C4,10477.20736,0.975503399,0.239083169,1.81204832,0.754099851,-0.038253547,0.659892945,0.861388972,-0.025129327,0.508199702,0.320565994,0.508195333,0.34007863,-0.037694007,3.739162396,1.001133479,0.964947893,-0.205288671
C5,8703.148711,0.80119903,0.199230276,1.639909492,0.717002023,-0.054972904,0.590522075,0.651270672,-0.037200526,0.434004047,0.264016984,0.434000242,0.409444346,-0.055800462,2.848248773,0.963438497,0.941177009,-0.303369022
C6,11832.61573,1.058735999,0.258690386,1.860244576,0.773536979,-0.020149711,0.69921047,0.943400497,-0.011034414,0.547073958,0.344910357,0.547069594,0.30075983,-0.016551928,4.06653463,1.021538216,0.992525654,-0.163655008
C7,8585.794185,0.740460738,0.183282293,1.561859437,0.704356871,-0.072666896,0.567635572,0.581802028,-0.048618954,0.408713742,0.246966282,0.408710321,0.432330826,-0.072927821,2.575074682,0.950746907,0.918339879,-0.337715854
C8,8563.249091,0.751691151,0.172394018,1.524883359,0.706756431,-0.090279525,0.57199212,0.593146606,-0.059587103,0.413512861,0.263867736,0.413509333,0.42796997,-0.089379801,2.614986165,0.95316198,0.898496914,-0.331643096
C9,9238.567062,0.817522926,0.189430216,1.601945695,0.721156653,-0.056585498,0.59992348,0.663174021,-0.037794835,0.442313305,0.282404891,0.442309593,0.400050223,-0.056691916,2.875802643,0.967997943,0.939619497,-0.295936592
C10,8496.982733,0.742502683,0.1733696,1.531291804,0.704692134,-0.071619223,0.567928678,0.584192507,-0.04793855,0.409384268,0.257901711,0.409380773,0.432039915,-0.071907265,2.584151406,0.95103744,0.919927669,-0.33644084
C11,10549.36249,1.014544694,0.247839992,1.878862351,0.761687988,-0.021291988,0.672428204,0.917318742,-0.014166226,0.523375975,0.333113256,0.523371347,0.327537517,-0.021249686,4.001004439,1.008501666,0.988136316,-0.181342812
C12,10432.43962,0.927982837,0.219839984,1.701490727,0.74547627,-0.046334386,0.646392709,0.778225217,-0.030187665,0.49095254,0.31223799,0.490948548,0.353572749,-0.045281273,3.298734896,0.992944957,0.952787995,-0.236688946
C13,8819.844098,0.820326997,0.199863166,1.621479386,0.722413532,-0.06361256,0.603333008,0.659643932,-0.041568283,0.444827064,0.273548905,0.444823054,0.396638666,-0.062352039,2.843363214,0.969510263,0.932068433,-0.296105973
C14,12072.10536,1.005805571,0.23709477,1.729965101,0.765114564,-0.03087048,0.688918214,0.828455865,-0.016377026,0.530229128,0.333386279,0.530225121,0.311056681,-0.024565755,3.385727124,1.014148981,0.981262968,-0.202162536
C15,8636.807176,0.811020984,0.202014138,1.650827053,0.719692588,-0.053415514,0.597056009,0.656431153,-0.03509316,0.439385176,0.266104257,0.439381092,0.402909513,-0.052639727,2.850740751,0.966481922,0.947570522,-0.299365206
C16,8881.60519,0.82031313,0.19501782,1.620929779,0.721628721,-0.057837322,0.600133737,0.666192303,-0.038436311,0.443257442,0.278269901,0.443253458,0.399829716,-0.057654213,2.886498931,0.968349622,0.939080334,-0.294251657
C17,8638.421009,0.728879337,0.159238039,1.490202923,0.701489114,-0.08472964,0.561040904,0.571880611,-0.056323272,0.402978228,0.264032364,0.402974938,0.438925285,-0.084484138,2.545038946,0.947585122,0.9048666,-0.343282017
C18,11835.13652,1.055183708,0.262168202,1.788307321,0.775930249,-0.027902918,0.708838843,0.875665596,-0.013872812,0.551860499,0.336044429,0.551856086,0.291128893,-0.020809453,3.543678087,1.025105442,0.983993307,-0.176174288
C19,11565.65696,1.000384157,0.245634118,1.74588824,0.764290143,-0.0195318,0.688133429,0.820074803,-0.008924138,0.528580287,0.322786559,0.528576175,0.311832749,-0.013386539,3.348095248,1.013472135,0.995465241,-0.205946695
C20,11277.77762,0.972467267,0.223551664,1.667196191,0.758493081,-0.041346774,0.678172678,0.790101902,-0.022961861,0.516986163,0.329426124,0.516982112,0.321792311,-0.034442808,3.236335137,1.007750312,0.967565027,-0.221457971
C21,8338.275743,0.749671274,0.195426551,1.600672784,0.706494093,-0.062103121,0.572418148,0.590434678,-0.041841308,0.412988185,0.240099932,0.412984592,0.427548415,-0.062761484,2.603405244,0.953069704,0.930704355,-0.332999253
C22,8938.554237,0.78850314,0.193576117,1.608848831,0.715319052,-0.073665458,0.590376433,0.629122887,-0.048260063,0.430638103,0.262448943,0.430634441,0.409589841,-0.07238955,2.7397007,0.962334887,0.920413524,-0.312674984
C23,9571.119746,0.923290496,0.218326581,1.710697192,0.742549616,-0.057916584,0.636230102,0.797249928,-0.038325765,0.485099233,0.31245857,0.485094911,0.363737188,-0.057488265,3.453093904,0.988999245,0.937864908,-0.234064624
C24,8662.601372,0.768315029,0.188916259,1.597034563,0.709994249,-0.064966653,0.576991266,0.614131792,-0.043526173,0.419988498,0.256160562,0.419984836,0.422972066,-0.065288874,2.702964447,0.956240413,0.929367628,-0.32171532
C25,10397.88154,0.925472873,0.230468467,1.757342889,0.744485085,-0.03506832,0.644088988,0.783765759,-0.023141007,0.48897017,0.300883164,0.488966167,0.355882384,-0.034711495,3.348680692,0.991824454,0.967591644,-0.236502467
C26,9982.36683,0.910028806,0.230579343,1.760312129,0.740670912,-0.036726044,0.635708226,0.770363137,-0.024750734,0.481341825,0.292440464,0.481337757,0.364260811,-0.037126045,3.305932166,0.987688303,0.963917686,-0.243883974
C27,8391.446719,0.731700022,0.176203934,1.539139374,0.70189,-0.07265759,0.560216864,0.574764872,-0.049120988,0.40378,0.24887061,0.403776616,0.439747394,-0.073680801,2.555280707,0.947683483,0.916768492,-0.341582321
C28,9485.254377,0.860283511,0.204310881,1.642993267,0.730454732,-0.05369871,0.616956096,0.707923184,-0.035662875,0.460909463,0.291107769,0.460905579,0.383010358,-0.05349395,3.040841729,0.977399375,0.942276042,-0.272861492
C29,11913.74525,1.032997418,0.261794161,1.799850187,0.771482285,-0.012569306,0.701675276,0.851109366,-0.004085238,0.54296457,0.324224608,0.542960389,0.298302849,-0.006128287,3.450912304,1.020810503,1.005055245,-0.188824365
C30,9891.980056,0.915842165,0.234105417,1.767561634,0.742429855,-0.038529637,0.640153148,0.772253268,-0.025296454,0.48485971,0.291971415,0.484855536,0.359817165,-0.037944647,3.300320635,0.989718316,0.963586349,-0.241909881
C31,12081.27763,1.033557283,0.250687578,1.752389995,0.771419258,-0.020378519,0.701117396,0.854560516,-0.009309524,0.542838517,0.33582899,0.542834353,0.298851291,-0.013964606,3.47626278,1.020657102,0.993595849,-0.188011057
C32,12127.82638,1.068669718,0.278507704,1.854947757,0.778716925,-0.004314632,0.713658713,0.890147646,0.00098948,0.55743385,0.327154451,0.557429513,0.286307915,0.00148371,3.59716814,1.027860388,1.013880482,-0.168638142
C33,9857.511673,0.872328066,0.19128267,1.61595026,0.732555896,-0.057599953,0.620298304,0.728218121,-0.038151744,0.465111792,0.310443812,0.465107893,0.3796707,-0.057227323,3.140792336,0.979395492,0.93943827,-0.264693661
C34,8913.487395,0.818793742,0.200706101,1.624611863,0.722293836,-0.064828724,0.603491941,0.655707042,-0.041968134,0.444587672,0.271478311,0.444583742,0.396472359,-0.062951813,2.821892482,0.969471658,0.931641132,-0.297525749
C35,8378.635115,0.732602292,0.166978003,1.502985963,0.702511457,-0.089245686,0.563895685,0.57394851,-0.059552435,0.405022915,0.259106468,0.405019508,0.43607287,-0.089327712,2.546965946,0.948807966,0.897379862,-0.341756492
C36,8687.318573,0.755514568,0.184518772,1.571966721,0.707559096,-0.069652013,0.572954744,0.597048136,-0.046336338,0.415118192,0.253563241,0.415114673,0.427007793,-0.069504022,2.629214128,0.953883606,0.923785844,-0.329585846
C37,12245.29646,1.061425339,0.269622235,1.827151563,0.777178866,-0.005467364,0.71084845,0.882609616,0.000219055,0.554357732,0.331569798,0.554353473,0.289117078,0.000328068,3.569983432,1.026310582,1.012837266,-0.172605421
C38,9971.229854,0.952795781,0.222563666,1.729229141,0.749324919,-0.038475863,0.650487796,0.824476581,-0.025700648,0.498649837,0.323937851,0.498645476,0.34947795,-0.038550904,3.539158684,0.996201982,0.962756764,-0.218900437
C39,8541.988461,0.732761986,0.178458472,1.541395263,0.702332073,-0.068334025,0.562466976,0.575289284,-0.046413594,0.404664147,0.247819497,0.404660825,0.437509212,-0.069619749,2.555486119,0.948416226,0.921414051,-0.341291011
C40,9017.217935,0.807959808,0.206838076,1.659254135,0.719178106,-0.051629358,0.596613575,0.65236967,-0.034422892,0.438356213,0.259963515,0.438352445,0.403353903,-0.051634117,2.833522447,0.96606172,0.946227266,-0.301318719
C41,10529.52208,0.950979316,0.211144312,1.678893511,0.749740268,-0.039286022,0.652498214,0.810845901,-0.025818881,0.499480535,0.333034666,0.499476452,0.34747567,-0.038728184,3.448526411,0.996900983,0.961362638,-0.222356642
C42,10467.81947,0.955267721,0.224039831,1.729994416,0.750508934,-0.03426718,0.654137309,0.821163022,-0.022818713,0.501017867,0.323489228,0.50101372,0.345825909,-0.034227994,3.509193587,0.997708736,0.966670693,-0.219154783
C43,8559.658664,0.721855245,0.174186374,1.521868357,0.700262114,-0.080070299,0.560204065,0.562925871,-0.053606273,0.400524227,0.246480215,0.400520948,0.439766794,-0.080408662,2.507415716,0.946615934,0.908606194,-0.347617611
C44,11237.34407,1.000086875,0.229801637,1.778262875,0.759163761,-0.041525993,0.668842041,0.897341471,-0.027132678,0.518327522,0.342983539,0.518323387,0.331132192,-0.040698863,3.937554607,1.006177098,0.959174634,-0.19099026
C45,10273.67134,0.922119952,0.220772169,1.717817114,0.743028159,-0.050667471,0.640130412,0.812482249,-0.033677295,0.486056318,0.31016484,0.486052286,0.359836692,-0.050515636,2.298762069,0.990075409,0.945449981,-0.235714894
C46,7980.614141,0.652630066,0.132074933,1.386379292,0.683988702,-0.108720285,0.525842577,0.499088533,-0.073131168,0.367977402,0.250484592,0.367974437,0.474123575,-0.109695533,2.538187005,0.929274845,0.872588353,-0.38249681
C47,8622.798458,0.724031415,0.158076032,1.478466693,0.700113942,-0.088022053,0.557404168,0.568626178,-0.059403127,0.400227885,0.263123796,0.400224672,0.44256531,-0.089103747,2.848248773,0.945974166,0.896938519,-0.345287739
C48,8585.794185,1.005805571,0.190102768,1.601138369,0.722413532,-0.020149711,0.57199212,0.828455865,-0.043526173,0.444827064,0.257901711,0.444823054,0.30075983,-0.073680801,4.001004439,1.008501666,0.894935414,-0.312674984
C49,10432.43962,0.910028806,0.172394018,1.531291804,0.721628721,-0.062103121,0.701675276,0.824476581,-0.046336338,0.48897017,0.240099932,0.465107893,0.400050223,-0.069504022,3.453093904,0.969510263,0.932068433,-0.241909881
C50,9891.980056,1.061425339,0.23709477,1.502985963,0.719178106,-0.089245686,0.596613575,0.821163022,-0.022818713,0.501017867,0.33582899,0.554353473,0.289117078,-0.069619749,2.821892482,1.020657102,0.967591644,-0.172605421
D1,9312.121084,0.812788682,0.192724363,1.607411326,0.720584605,-0.065737855,0.600316592,0.655567774,-0.042585624,0.441169211,0.276683761,0.441165509,0.399651531,-0.063878097,2.842690325,0.96770796,0.932508754,-0.299448418
D2,9601.21795,0.828825758,0.192172353,1.609574575,0.724195692,-0.071533381,0.607485988,0.671629297,-0.046242391,0.448391384,0.285648529,0.448387712,0.392482329,-0.069363106,2.899264108,0.971465789,0.924952275,-0.291021981
D3,7533.535449,0.66870457,0.160353983,1.514303895,0.685068028,-0.065383223,0.520270004,0.530828076,-0.046064081,0.370136055,0.23021142,0.370132768,0.479697165,-0.06909577,2.38697675,0.928851179,0.928179321,-0.369135939
D4,8479.009504,0.690635809,0.158311957,1.466047384,0.693680649,-0.067514102,0.548750023,0.530036851,-0.044746986,0.387361298,0.245471965,0.387358188,0.451217959,-0.067120063,2.54148902,0.940085238,0.927527626,-0.364777379
D5,8316.986063,0.714051958,0.171190311,1.520529538,0.697194092,-0.057729053,0.550475489,0.564365491,-0.039899093,0.394388183,0.245355109,0.394384869,0.449492032,-0.059848298,2.549273135,0.942687439,0.936223335,-0.348955127
D6,8025.114814,0.700188785,0.163718993,1.51502913,0.692656278,-0.059248597,0.537026871,0.558733468,-0.041777596,0.385312556,0.244647543,0.385309266,0.462940734,-0.062666061,2.797120685,0.937079927,0.934895949,-0.353521977
D7,8207.806351,0.755298999,0.186539378,1.600711741,0.704338898,-0.043701535,0.558397912,0.620987698,-0.031717444,0.408677797,0.252094642,0.408674148,0.441569409,-0.047576087,2.536671528,0.948862711,0.953791617,-0.322820821
D8,8455.558358,0.73428359,0.186196181,1.570001806,0.703363793,-0.05370269,0.56728455,0.573130752,-0.035180783,0.406727585,0.240952724,0.406724093,0.432681305,-0.052771088,2.352429863,0.950029047,0.947470681,-0.34173963
D9,7891.24955,0.651386753,0.138861757,1.425535361,0.682019602,-0.080463887,0.516695295,0.506791258,-0.056050218,0.364039204,0.24284837,0.364036248,0.483272584,-0.084074615,2.647379633,0.926177525,0.907025056,-0.380003613
D10,9290.021816,0.785884268,0.189569635,1.574954711,0.714806593,-0.061204466,0.589592042,0.627505558,-0.040121474,0.429613186,0.266219992,0.429609706,0.410376424,-0.060181866,2.310142957,0.961849067,0.935819783,-0.314132737
D11,8952.607915,0.769809881,0.183798971,1.559942228,0.711636852,-0.068670771,0.584461348,0.606419657,-0.044677657,0.423273704,0.262713276,0.423270178,0.415506135,-0.067016072,2.604844068,0.958787899,0.927966072,-0.32369041
D12,7638.587187,0.635390246,0.142883201,1.440463503,0.678272093,-0.080218721,0.508981334,0.49274361,-0.05592515,0.356544186,0.230026157,0.356541252,0.490987186,-0.083887003,2.213034299,0.922218313,0.907044918,-0.387997015
D13,8954.28054,0.757914858,0.184392348,1.557313105,0.709017868,-0.064063497,0.579404199,0.594414045,-0.041971788,0.418035736,0.255906266,0.418032289,0.420562553,-0.062957339,2.286041194,0.956090915,0.932699262,-0.330031607
D14,7286.916909,0.607426476,0.140189315,1.430247779,0.671749036,-0.082231725,0.49520071,0.46536546,-0.057685842,0.343498071,0.217345092,0.343495208,0.504766661,-0.086528003,2.567095686,0.915292899,0.903890581,-0.402327562
D15,7814.195545,0.632236257,0.129442735,1.39690444,0.677713113,-0.085323075,0.508470355,0.487962128,-0.059377733,0.355426225,0.241748396,0.355423374,0.491496991,-0.089065832,2.580489626,0.92175232,0.901018114,-0.389994451
D16,7744.806368,0.704425581,0.173089542,1.550795181,0.693173258,-0.048565534,0.536661023,0.564255449,-0.035308075,0.386346516,0.237531835,0.386343035,0.463304851,-0.052961984,3.453554645,0.937341291,0.947374551,-0.350541062
D17,7872.094616,0.718567107,0.172908578,1.540233716,0.697131763,-0.051292555,0.546476858,0.572807299,-0.036335757,0.394263526,0.245533558,0.39425993,0.453488634,-0.054503489,2.248253377,0.941859645,0.944574735,-0.344792277
D18,9554.351166,0.834402089,0.20404935,1.651463173,0.723869759,-0.038376002,0.602876945,0.697546809,-0.025679065,0.447739519,0.277974424,0.447735857,0.397090127,-0.038518581,3.890913763,0.970315019,0.965288341,-0.284326577
D19,7976.182636,0.622848089,0.133012675,1.40397494,0.675769506,-0.085973288,0.50512423,0.477820157,-0.059865397,0.351539012,0.23315682,0.351536317,0.494847844,-0.089797253,3.404375414,0.919834458,0.898549855,-0.395237785
D20,11043.47478,1.010813915,0.247438795,1.862874264,0.761693817,-0.026881255,0.673814893,0.897935602,-0.016427663,0.523387634,0.330146784,0.523383239,0.326153834,-0.024641833,2.32458921,1.008803583,0.9856985,-0.186423599
D21,9967.093655,0.932095151,0.243356089,1.803279712,0.745335752,-0.013734569,0.644089833,0.794632198,-0.008307847,0.490671504,0.291600503,0.490667184,0.35587883,-0.012462375,2.63937116,0.99236361,1.001091661,-0.231780968
D22,7913.292169,0.651082273,0.135724778,1.399662923,0.682707675,-0.080791431,0.520498312,0.502446491,-0.056170856,0.365415351,0.246452716,0.365412358,0.479468537,-0.084255524,2.48042979,0.927379094,0.904464497,-0.381560425
D23,8799.845812,0.759320351,0.163509068,1.499508641,0.708489439,-0.067492984,0.575708525,0.600427559,-0.044735687,0.416978877,0.276780595,0.416975338,0.424257226,-0.067103154,2.708648331,0.955015764,0.928181309,-0.327687217
D24,8685.915958,0.700626906,0.152231588,1.477238633,0.694264979,-0.079096828,0.544729118,0.549107061,-0.053522528,0.388529959,0.255790844,0.388526919,0.455237936,-0.080283164,2.865463773,0.939659329,0.912089868,-0.356352726
D25,9760.911655,0.794068301,0.181616303,1.541942925,0.717607949,-0.062329591,0.597679964,0.626940099,-0.040379649,0.435215898,0.278224536,0.435212548,0.40229204,-0.060569076,2.408788279,0.965277223,0.934527543,-0.312056254
D26,9511.362781,0.835115554,0.18428398,1.570172287,0.726444446,-0.088233321,0.613854156,0.669857316,-0.056002286,0.452888893,0.296557208,0.4528851,0.386116272,-0.084002707,2.770908549,0.974201125,0.905940923,-0.289750618
D27,7985.279278,0.678872618,0.14950108,1.451780255,0.689183988,-0.077299052,0.534177181,0.528188783,-0.053070813,0.378367975,0.24758367,0.378364798,0.465789186,-0.079605576,2.52283693,0.934276336,0.91206591,-0.367464702
D28,9835.270403,0.805513278,0.175323335,1.541939111,0.719619062,-0.075527734,0.600044744,0.641780824,-0.048490147,0.439238124,0.289677502,0.439234718,0.399923203,-0.072734714,2.443419742,0.967042327,0.921390437,-0.304904176
D29,9015.738217,0.733776648,0.177434068,1.530779139,0.703642507,-0.055277785,0.569239737,0.570733787,-0.03645821,0.407285013,0.249970498,0.407281783,0.430730604,-0.054687094,2.86902618,0.950592535,0.943147512,-0.342710202
D30,7593.576325,0.680308017,0.146047815,1.439551268,0.688730237,-0.069874935,0.530915881,0.534198194,-0.049145187,0.377460475,0.252021303,0.377457091,0.469050028,-0.073717226,2.546517452,0.93333187,0.918769829,-0.365183171
D31,9862.683086,0.831759901,0.198690285,1.620167052,0.725336307,-0.058087676,0.61069501,0.668882294,-0.037455747,0.450672615,0.281005631,0.450669005,0.389277437,-0.056183349,2.718628403,0.972852725,0.941480268,-0.29076635
D32,8829.289928,0.738111996,0.175458465,1.525842411,0.704393477,-0.065061402,0.569998403,0.576372971,-0.043075587,0.408786953,0.254364315,0.408783615,0.429973617,-0.064613014,2.606788104,0.951227206,0.930747835,-0.339986929
D33,9250.143161,0.779135067,0.171993331,1.535750185,0.712706576,-0.068818015,0.583446768,0.621712336,-0.045321505,0.425413153,0.278826275,0.425409697,0.416526095,-0.067981875,2.682099479,0.959271742,0.928134192,-0.316761886
D34,8823.475801,0.759915147,0.203263852,1.610625778,0.709563594,-0.040920296,0.580930748,0.595656663,-0.02695394,0.419127187,0.238853068,0.419123651,0.419036389,-0.040430959,2.217599161,0.956744463,0.96085981,-0.329187316
D35,8767.327899,0.763749152,0.17123066,1.552564623,0.708919283,-0.067676008,0.575403785,0.609066491,-0.044559064,0.417838566,0.270651966,0.417835013,0.424556619,-0.066838299,2.722765334,0.955216249,0.93158701,-0.324063965
D36,7107.636537,0.606405771,0.134282007,1.389498862,0.671133655,-0.067581885,0.492005734,0.465589331,-0.048664907,0.342267311,0.223461039,0.342264337,0.50795195,-0.072996773,2.367488624,0.914259135,0.917871735,-0.402316026
D37,9789.708632,0.794771159,0.170866177,1.513674737,0.717530946,-0.082084229,0.596827414,0.629398391,-0.052830718,0.435061891,0.288809635,0.435058554,0.403139755,-0.079245419,2.448211893,0.965057875,0.911561065,-0.311173744
D38,8000.583117,0.657322004,0.139618926,1.424996517,0.683458486,-0.070976792,0.520050182,0.511977032,-0.049872474,0.366916972,0.245572762,0.366914014,0.479912938,-0.074808131,2.385592375,0.927770779,0.918032698,-0.377070188
D39,7558.892864,0.673106884,0.155910223,1.503165257,0.686261868,-0.0710328,0.523017323,0.531666969,-0.049826125,0.372523738,0.236858622,0.372520425,0.476950198,-0.074738739,2.505602382,0.930174194,0.921017442,-0.367372686
D40,7808.020578,0.665539505,0.146118571,1.445625584,0.685524999,-0.071948385,0.524579721,0.518532821,-0.050186805,0.371049998,0.243530463,0.371046842,0.475385062,-0.075279677,5.884689256,0.930009533,0.917919061,-0.373233075
D41,8806.394833,0.724478192,0.184333279,1.563416451,0.701142197,-0.040252074,0.562868569,0.563828206,-0.026916865,0.402284395,0.237548892,0.402281163,0.437098928,-0.040375304,2.434937584,0.947715126,0.961534506,-0.346813692
D42,14362.01516,1.433818862,0.397608318,2.481360117,0.84640764,0.088701175,0.816306308,1.401922106,0.05849046,0.69281528,0.409616204,0.692809597,0.183665715,0.08773378,2.600363309,1.091654175,1.140278973,0.060500889
D43,8398.793,0.68915868,0.140949209,1.422600472,0.691767581,-0.087607128,0.540013069,0.5368873,-0.059535366,0.383535163,0.261627485,0.383532094,0.459959915,-0.089302235,2.84418884,0.937108201,0.899583719,-0.362589588
D44,9287.979833,0.758905395,0.167462301,1.500528124,0.709379472,-0.062028188,0.580192416,0.594132755,-0.040718129,0.418758945,0.272853781,0.418755687,0.419760563,-0.061076767,2.34232043,0.956495992,0.933619012,-0.329890996
D45,9685.714675,0.812863787,0.182415237,1.571585493,0.720342392,-0.060331972,0.599222503,0.65636775,-0.03963453,0.440684784,0.287190584,0.440681259,0.400741663,-0.059451519,5.579268734,0.967328568,0.938666178,-0.298906786
D46,7414.849553,0.653289104,0.162060971,1.499523933,0.682774342,-0.059117537,0.519255071,0.506273755,-0.04164732,0.365548683,0.220689538,0.365545451,0.480696781,-0.062470657,2.657097565,0.927176075,0.93409254,-0.379688485
D47,14399.83868,1.410084545,0.379825296,2.334225472,0.842810102,0.056309609,0.812103855,1.347995026,0.037549897,0.685620205,0.413511861,0.685614623,0.187873155,0.056323515,2.579870834,1.088546362,1.089778486,0.042349583
D48,9044.49148,0.774359625,0.212695136,1.662560592,0.712784578,-0.027873874,0.587011286,0.610009293,-0.01797635,0.425569156,0.236117319,0.425565562,0.412958648,-0.026964876,2.21179503,0.960038747,0.979815308,-0.321574559
D49,7634.215059,0.710616474,0.17426917,1.554628926,0.694639816,-0.05200396,0.53941976,0.569090603,-0.037714116,0.389279632,0.239577074,0.38927604,0.460544355,-0.056570956,2.224026297,0.938843764,0.941743118,-0.347582794
D50,7641.744207,0.603754834,0.122584586,1.371619932,0.67072934,-0.082489991,0.492971213,0.463484417,-0.058434363,0.341458679,0.233238861,0.341456011,0.50700491,-0.087650725,2.148359861,0.914157287,0.901139712,-0.403765132
E1,7128.900861,0.568176233,0.134952331,1.416767339,0.661201779,-0.076561862,0.467567843,0.435139213,-0.055263159,0.322403559,0.200383081,0.322400987,0.53240045,-0.082894024,2.134041911,0.903014939,0.908048475,-0.419899343
E2,7336.244732,0.579290429,0.126663053,1.389190021,0.664542781,-0.069929952,0.477604933,0.441830623,-0.050393208,0.329085562,0.215231915,0.329082989,0.522362792,-0.075589179,2.143726314,0.907125756,0.916935291,-0.41554241
E3,6598.044043,0.521926048,0.121074141,1.393389912,0.649442263,-0.064539649,0.439406892,0.396074467,-0.04802401,0.298884526,0.187506043,0.298882121,0.560562798,-0.072035494,2.017085619,0.889819236,0.922262153,-0.44173851
E4,6729.274088,0.508330414,0.107802321,1.328597832,0.646835345,-0.092158213,0.436114135,0.380708842,-0.06703596,0.29367069,0.194511417,0.293668438,0.563854528,-0.100552897,1.957739487,0.887467328,0.884368122,-0.449615599
E5,6276.991546,0.508589777,0.111678275,1.368656977,0.646024164,-0.058444342,0.43074343,0.384748359,-0.043795492,0.292048327,0.189201972,0.292045919,0.569222832,-0.065692822,1.983160172,0.885980814,0.930661246,-0.448034172
E6,6747.36984,0.511353824,0.105821602,1.325317992,0.647419772,-0.092366688,0.437025813,0.386541014,-0.067195254,0.294839544,0.198177948,0.294837283,0.562942444,-0.100791839,2.099399634,0.888021808,0.884198645,-0.447796483
E7,7191.1546,0.563030203,0.123135064,1.380295952,0.66050807,-0.090672279,0.468051208,0.427542944,-0.064656584,0.321016141,0.209360271,0.32101361,0.531917449,-0.096983928,2.042640453,0.902635329,0.889601233,-0.423432533
E8,6821.26251,0.54058051,0.121779459,1.371901003,0.654705734,-0.073090426,0.453687666,0.408554054,-0.053605442,0.309411469,0.198436505,0.309409009,0.546282022,-0.080407434,2.050523893,0.896038692,0.910009787,-0.433967102
E9,6804.466542,0.542898285,0.120902671,1.375053231,0.655336713,-0.091979083,0.45566729,0.410837887,-0.066068961,0.310673427,0.200394152,0.310670906,0.544300888,-0.099102461,2.031582437,0.896831707,0.887516753,-0.43283791
E10,6426.776342,0.527288132,0.125519394,1.40144282,0.650599871,-0.065257772,0.441435212,0.400808024,-0.048858235,0.301199743,0.186236523,0.301197231,0.558534707,-0.073286784,1.986120061,0.890963438,0.9202055,-0.438971209
E11,6481.237073,0.51450351,0.128307381,1.385385084,0.647884358,-0.069058391,0.436689429,0.387922226,-0.051252672,0.295768717,0.177592314,0.295766324,0.563280555,-0.07687839,2.101397732,0.888269129,0.91540009,-0.445875303
E12,7541.930963,0.618906932,0.138576428,1.45265747,0.672403046,-0.085736321,0.489752668,0.492766288,-0.060938259,0.344806092,0.223991547,0.344803311,0.510213846,-0.091406547,2.044407551,0.914626678,0.898575048,-0.392488146
E13,6879.043331,0.55241309,0.130249879,1.425273252,0.656978396,-0.059211491,0.456745532,0.422969958,-0.043596507,0.313956792,0.194916313,0.313954231,0.543223127,-0.06539437,2.026005813,0.898130904,0.930745254,-0.426939844
E14,6831.152095,0.542577165,0.123497416,1.372536558,0.655451466,-0.083425924,0.456492302,0.409726424,-0.060332003,0.310902932,0.198195746,0.310900434,0.543475713,-0.090497134,1.976160576,0.897069654,0.897574149,-0.433323455
E15,8127.90935,0.697082005,0.165683389,1.539996476,0.689732119,-0.057475702,0.524149094,0.580118663,-0.041626357,0.379464237,0.240471301,0.379461089,0.475819488,-0.062439173,3.048327988,0.932628979,0.935078205,-0.350370391
E16,7917.094896,0.681189018,0.177355053,1.565687264,0.685916873,-0.05711117,0.514906285,0.560127708,-0.041181697,0.371833746,0.219742213,0.37183066,0.485061531,-0.061772168,1.927979639,0.928351189,0.935415123,-0.358864993
E17,6705.945185,0.530493258,0.111893992,1.365803894,0.6521203,-0.054355764,0.447650484,0.401352818,-0.040213971,0.3042406,0.201545823,0.304238159,0.552319831,-0.060320602,2.368964749,0.893159175,0.936681006,-0.438479013
E18,6291.324984,0.508027104,0.11606258,1.372158073,0.646068377,-0.059862539,0.431932616,0.3834319,-0.04489649,0.292136754,0.185056475,0.292134375,0.568036422,-0.067344223,1.97747346,0.886150622,0.927617589,-0.448608912
E19,8978.902926,0.800937941,0.207749372,1.695542375,0.712381027,-0.035172844,0.566887416,0.680525445,-0.026408385,0.424762055,0.253726156,0.424758552,0.433082205,-0.03961247,2.005597967,0.955752,0.963150736,-0.294467605
E20,5980.118526,0.487046426,0.117827068,1.356170372,0.639918147,-0.075881332,0.404220167,0.366078701,-0.057138763,0.279836294,0.171126567,0.279833976,0.59575067,-0.085707375,1.983406964,0.880581854,0.904570339,-0.457913562
E21,7881.752238,0.629158112,0.145274238,1.444944325,0.674278461,-0.057775425,0.491060442,0.499058649,-0.042956852,0.348556922,0.223553694,0.348554269,0.508909503,-0.064434751,2.005640105,0.91614717,0.930489408,-0.386747825
E22,6234.571051,0.506675912,0.106496661,1.345966388,0.645396475,-0.075922498,0.42893551,0.383048558,-0.056692672,0.29079295,0.193710689,0.290790571,0.571034183,-0.085038207,1.98076156,0.885141151,0.905271077,-0.448816416
E23,6475.14191,0.51654739,0.12332056,1.398883275,0.64804428,-0.061045912,0.436278021,0.391872603,-0.045577715,0.296088559,0.182318631,0.296086134,0.563687415,-0.068366154,1.954928523,0.888298566,0.927679326,-0.444178898
E24,6415.092241,0.514703906,0.137925061,1.408806729,0.647986925,-0.056386797,0.436408617,0.387561439,-0.042268724,0.295973849,0.168163657,0.29597141,0.56356065,-0.06340272,2.213356844,0.88848622,0.932292684,-0.445939577
E25,6669.394559,0.528026891,0.12194027,1.355776382,0.651676594,-0.056799582,0.446808863,0.397098357,-0.042787169,0.303353187,0.19215551,0.303350764,0.553159496,-0.064180272,2.0199047,0.892719747,0.929430339,-0.440208454
E26,6656.300298,0.515710086,0.11343142,1.35075663,0.64846744,-0.075441115,0.439263089,0.387662869,-0.055637246,0.29693488,0.192818848,0.296932575,0.56070461,-0.083455074,1.965528785,0.889190495,0.906211338,-0.44576975
E27,6538.944977,0.507322773,0.121463946,1.349606953,0.646357505,-0.062378779,0.433744758,0.379810041,-0.047239771,0.292715011,0.18120855,0.292712721,0.566219485,-0.070859033,2.032266801,0.886697932,0.9203423,-0.449922084
E28,8813.061481,0.784240956,0.195242697,1.6676409,0.707798743,-0.043791869,0.556509907,0.709598927,-0.032315959,0.415597486,0.259054332,0.415593966,0.443457986,-0.048473791,2.006130315,0.950706348,0.954034872,-0.300240563
E29,7841.542516,0.606597784,0.128982368,1.375878397,0.67125766,-0.05590181,0.491912478,0.46496461,-0.040821894,0.34251532,0.228520626,0.342512725,0.508060264,-0.061232357,2.193615908,0.914325723,0.932117471,-0.40246697
E30,6353.501249,0.518679239,0.117802793,1.389308511,0.647948347,-0.068297355,0.432837507,0.395061653,-0.051357899,0.295896695,0.18840289,0.295894249,0.5671323,-0.077036256,2.316624589,0.887569982,0.916530848,-0.44237463
E31,6775.236839,0.515131582,0.107076679,1.310395161,0.648842919,-0.071345571,0.442031919,0.385019493,-0.05268611,0.297685839,0.200149944,0.297683559,0.557937208,-0.079028439,2.048493233,0.889927372,0.910731011,-0.446902681
E32,7025.989651,0.538891941,0.114754884,1.336288874,0.654555858,-0.067975197,0.454458471,0.406181643,-0.050254291,0.309111716,0.205475341,0.309109361,0.545513959,-0.07538075,2.422048975,0.896083819,0.915240209,-0.435177352
E33,6455.950724,0.51866076,0.121505952,1.387092224,0.648495359,-0.060181704,0.436391853,0.39292146,-0.045523702,0.296990718,0.185484822,0.296988295,0.563574287,-0.068285067,2.279202221,0.888621422,0.926122617,-0.443249616
E34,7312.691332,0.598306498,0.136112215,1.416936662,0.669069441,-0.064359768,0.486639086,0.458180992,-0.046308432,0.338138882,0.215696755,0.338136134,0.513331678,-0.069462124,1.95406731,0.911877783,0.924096577,-0.406255828
E35,9474.587714,0.828914522,0.199993196,1.704313316,0.718659814,-0.016918427,0.579859738,0.716272585,-0.013246303,0.437319629,0.276142404,0.43731615,0.420112497,-0.019869724,2.114114848,0.962381031,0.993110051,-0.279209714
E36,7983.108323,0.633932248,0.14169528,1.468953337,0.677511079,-0.043281714,0.505225848,0.49324035,-0.031228144,0.355022158,0.228249529,0.355019431,0.494740338,-0.046842003,1.997705477,0.920995502,0.953555292,-0.388031704
E37,6961.045108,0.545670706,0.114575924,1.34613428,0.6564009,-0.090676026,0.459231437,0.411760413,-0.064902061,0.312801799,0.208863994,0.312799317,0.540739067,-0.097352128,2.09150491,0.898234241,0.889153539,-0.432109133
E38,9913.673759,0.897387747,0.228053054,1.768583771,0.735169366,-0.024262343,0.616916106,0.795317564,-0.017082196,0.470338732,0.28746035,0.47033483,0.383055922,-0.025623466,2.029519464,0.980382105,0.982498297,-0.245164274
E39,8333.232457,0.677854493,0.16007531,1.49598946,0.688393241,-0.037284739,0.529832856,0.529700865,-0.026528432,0.376786482,0.235638453,0.376783524,0.47014146,-0.039792572,2.084417401,0.932917762,0.962363559,-0.367085985
E40,8347.103814,0.633037701,0.136915964,1.416054188,0.678191469,-0.082409315,0.509909118,0.487198862,-0.057296859,0.356382939,0.234582421,0.3563803,0.49005847,-0.08594451,2.090992389,0.922357844,0.90312188,-0.390156051
E41,6780.676227,0.512106229,0.10283838,1.296501334,0.648204103,-0.065945297,0.440487959,0.381835265,-0.049038805,0.296408206,0.202718566,0.296405948,0.559478993,-0.073557543,2.285520628,0.889228538,0.916514694,-0.448577506
E42,7040.067474,0.571240689,0.134023418,1.40460958,0.662772367,-0.077759246,0.473827681,0.433550957,-0.05577457,0.325544734,0.203595281,0.325542059,0.526140616,-0.083661105,1.986805068,0.905239931,0.906113547,-0.419877826
E43,6497.797397,0.520012107,0.134416982,1.405784881,0.649362506,-0.067020252,0.44074102,0.392242042,-0.049537808,0.298725011,0.174479024,0.29872257,0.559225876,-0.074306165,1.961179244,0.890017346,0.919379545,-0.443390121
E44,7023.147933,0.553038189,0.129838534,1.414219848,0.65743226,-0.062475632,0.459090015,0.421808371,-0.046246221,0.314864521,0.196459505,0.314862026,0.540875222,-0.069368824,2.486761882,0.898880354,0.924605873,-0.427173747
E45,6847.348899,0.535929341,0.122325121,1.374664832,0.653614274,-0.065786775,0.451626242,0.404417137,-0.04869868,0.307228548,0.195316274,0.307226147,0.548341944,-0.073047389,2.018047233,0.894917688,0.919004608,-0.436276322
E46,6744.282896,0.548015095,0.129595698,1.419834796,0.655911365,-0.038420314,0.454355517,0.418406887,-0.029581502,0.311822729,0.193518319,0.311820167,0.545612854,-0.044372176,1.974511811,0.896952947,0.957105933,-0.429193951
E47,8550.926498,0.725926895,0.174136811,1.617855206,0.696983467,-0.049975649,0.54060334,0.609590743,-0.035868303,0.393966934,0.246067687,0.393963748,0.459362387,-0.053802219,2.007876142,0.940589558,0.946719662,-0.336651031
E48,6923.784868,0.5520912,0.124984388,1.393724166,0.657241191,-0.063110748,0.459002514,0.42129298,-0.046222512,0.314482382,0.201332468,0.314479847,0.540962994,-0.069333338,2.01199188,0.898733838,0.927024281,-0.427608798
E49,7680.025818,0.62472615,0.147336636,1.468671554,0.675130787,-0.041970509,0.498953768,0.484365448,-0.030974228,0.350261575,0.218447215,0.350258768,0.501019263,-0.046461171,2.068884561,0.91821506,0.953252317,-0.392505613
E50,6997.017935,0.524709035,0.112990642,1.322416204,0.651368775,-0.063591483,0.448415718,0.392674673,-0.047198132,0.302737549,0.199900005,0.302735266,0.551552351,-0.070796602,2.105481394,0.892819111,0.9205622,-0.442531633
F1,8239.774399,0.62605564,0.13772242,1.409827721,0.676882587,-0.083743732,0.508640504,0.480550134,-0.058525847,0.353765174,0.230690051,0.353762572,0.491329205,-0.087787849,2.258031953,0.921276426,0.898845909,-0.394052754
F2,7408.130262,0.556945158,0.109387787,1.318814504,0.659615677,-0.088913754,0.469312963,0.422647577,-0.063529728,0.319231353,0.221321503,0.319228986,0.530657931,-0.095293575,2.150499142,0.902271112,0.890342829,-0.427026208
F3,7481.975033,0.580706569,0.126915381,1.363666972,0.665284764,-0.07111908,0.481434429,0.443283075,-0.051159024,0.330569528,0.217252682,0.330567017,0.518534906,-0.076737786,2.022825972,0.908345156,0.913373202,-0.415228691
F4,7119.853864,0.538750436,0.097692135,1.293074934,0.655192614,-0.106896536,0.459441476,0.404670371,-0.075716096,0.310385227,0.222376865,0.310382897,0.540527089,-0.113572856,2.269646748,0.897452606,0.868624625,-0.436061253
F5,7146.937754,0.549969278,0.09617107,1.293137673,0.657267629,-0.085089206,0.461635393,0.419121229,-0.061618989,0.314535257,0.229683937,0.314532881,0.538335681,-0.092427483,2.171401275,0.899247484,0.89388157,-0.429422263
F6,8134.628832,0.629981905,0.137846977,1.415318557,0.677848616,-0.081218776,0.511161494,0.484135351,-0.056822449,0.355697233,0.232576642,0.355694569,0.488808805,-0.085232788,2.180389591,0.922365544,0.902383143,-0.392112005
F7,7602.38328,0.57656411,0.112076108,1.341672978,0.663789354,-0.086076601,0.476899245,0.444095872,-0.06152371,0.327578708,0.228556786,0.327576294,0.523070668,-0.092284553,2.231895074,0.906476208,0.893828322,-0.416109097
F8,7877.614466,0.599833008,0.127296506,1.367455329,0.670756897,-0.083607424,0.496288756,0.455426298,-0.058697719,0.341513794,0.227384084,0.341511257,0.503679937,-0.088045685,2.178554716,0.914825521,0.899722196,-0.407393037
F9,6902.81142,0.545260771,0.101764894,1.321860051,0.655539573,-0.093764549,0.455697742,0.418869386,-0.06760323,0.311079146,0.220908073,0.311076717,0.544269866,-0.101403742,2.236164953,0.896964975,0.884134732,-0.430690374
F10,7555.400896,0.57685842,0.113647913,1.345489124,0.663601439,-0.088744344,0.475540392,0.445626899,-0.06344239,0.327202878,0.227143581,0.327200437,0.524429475,-0.095162534,2.126392728,0.906084853,0.89021667,-0.415480991
F11,7741.23078,0.616605736,0.137014902,1.410812858,0.67436927,-0.079641323,0.502664807,0.472436254,-0.05580752,0.348738541,0.22618039,0.348735818,0.497305156,-0.083710494,2.316203139,0.918430536,0.906456895,-0.398368076
F12,7856.205354,0.605373005,0.129253673,1.382220697,0.672315878,-0.077901421,0.500394327,0.459064377,-0.054715934,0.344631757,0.22800534,0.344629158,0.499576354,-0.0820731,2.446208617,0.91664862,0.906957739,-0.405095426
F13,8157.920012,0.62612832,0.138835072,1.413117405,0.677424089,-0.086849744,0.511945911,0.477410475,-0.060342162,0.354848177,0.229752875,0.354845543,0.488024492,-0.090512279,2.072085809,0.922243067,0.895733365,-0.394994784
F14,7440.765776,0.577035875,0.113144968,1.34425894,0.664326672,-0.096973416,0.479290468,0.445973089,-0.068505115,0.328653343,0.227904336,0.328650841,0.52068032,-0.102756532,2.24546446,0.907295989,0.881588621,-0.416815008
F15,6120.887169,0.505342099,0.100488395,1.351257745,0.645004277,-0.092670874,0.42412217,0.38698548,-0.067047867,0.290008554,0.200010386,0.290006028,0.575848264,-0.100570755,2.053475109,0.885004996,0.885060144,-0.449238378
F16,7568.247908,0.580749143,0.115737552,1.417101956,0.665806654,-0.079030755,0.484169808,0.439802228,-0.056136125,0.331613307,0.227289228,0.331610794,0.515800014,-0.084203371,2.149005298,0.909224346,0.904881797,-0.416224944
F17,8582.42033,0.641501838,0.139557212,1.415493494,0.680457024,-0.075886503,0.516276957,0.496325809,-0.053150648,0.360914048,0.237500551,0.360911444,0.483692503,-0.079725187,2.020086284,0.925119509,0.908961194,-0.386010225
F18,8356.336762,0.658849517,0.13106194,1.29494003,0.682948463,-0.062271664,0.517376556,0.523874022,-0.044528759,0.365896927,0.254466132,0.365894186,0.482593857,-0.06679255,2.488946019,0.926882989,0.927147709,-0.373907262
F19,7683.575695,0.56456533,0.101070985,1.405810838,0.662366828,-0.089319445,0.478407692,0.423984434,-0.063226746,0.324733657,0.233679517,0.324731332,0.5215625,-0.094839054,2.009919006,0.905856229,0.8895893,-0.424871845
F20,7899.347773,0.624711815,0.135998695,1.329928813,0.676666657,-0.089549222,0.508917792,0.478202197,-0.062252614,0.353333313,0.231674133,0.353330601,0.491051665,-0.093377916,2.053338393,0.921154741,0.893022018,-0.394952257
F21,7359.660153,0.556148699,0.112283915,1.367415512,0.660067089,-0.09992565,0.472228579,0.417285002,-0.070505948,0.320134179,0.217717794,0.320131796,0.52774049,-0.105757701,2.120475372,0.903145086,0.876826769,-0.4286341
F22,7761.68224,0.590430495,0.124618969,1.294783989,0.668377186,-0.083386656,0.490368314,0.447643825,-0.058786349,0.336754372,0.224098533,0.336751872,0.509602119,-0.088178583,2.037182763,0.912122015,0.898391044,-0.411834718
F23,7447.51339,0.545545564,0.102524124,1.474539055,0.657663347,-0.105448543,0.467454912,0.407275806,-0.074361973,0.315326694,0.221939911,0.315324431,0.532515849,-0.111541632,2.106217976,0.900634386,0.868841252,-0.434099185
F24,8704.815604,0.705270851,0.148329744,1.451558592,0.692847113,-0.07721232,0.535770443,0.581153587,-0.054129297,0.385694226,0.262591872,0.385691287,0.464200443,-0.081193152,2.149191685,0.936919977,0.909851979,-0.348242879
F25,8512.141718,0.670904548,0.143679557,1.322025428,0.685655055,-0.074593936,0.522781179,0.535964945,-0.052493637,0.371310111,0.248990133,0.371307319,0.477188067,-0.078739706,2.006057063,0.929718358,0.912234539,-0.36752688
F26,7089.145449,0.537068143,0.113448514,1.335515574,0.654994322,-0.081478999,0.459369442,0.401888219,-0.058685028,0.309988645,0.206661282,0.309986309,0.540599487,-0.088026639,2.112750312,0.897314622,0.899593394,-0.437318083
F27,7201.405664,0.554651222,0.112733778,1.323817247,0.659463275,-0.081275209,0.470084601,0.416614703,-0.058123523,0.31892655,0.216308794,0.318924121,0.529883754,-0.087184385,2.114946467,0.902327595,0.900765161,-0.429026582
F28,7892.913946,0.58414938,0.109616915,1.322427484,0.667165945,-0.081630298,0.488943922,0.440400487,-0.057707698,0.33433189,0.235740992,0.334329471,0.511023676,-0.086560656,2.062309875,0.911047839,0.900462279,-0.415482631
F29,7341.867781,0.549541715,0.114388437,1.352766554,0.658284518,-0.081035094,0.467517095,0.411770066,-0.058042817,0.316569035,0.212748392,0.316566698,0.532455003,-0.087063326,2.120886074,0.901058125,0.900369554,-0.431653221
F30,7787.01453,0.580243927,0.122164125,1.368388353,0.666446622,-0.092118339,0.488231271,0.436390145,-0.064662815,0.332893243,0.221609222,0.332890827,0.511739869,-0.096993119,2.163325948,0.910440052,0.886676396,-0.417705434
F31,8075.781442,0.596612833,0.127644121,1.314642272,0.670470308,-0.103036512,0.497254414,0.450494913,-0.071284638,0.340940616,0.225267962,0.340938167,0.502718368,-0.106925757,2.647838259,0.914826274,0.875405194,-0.409797218
F32,7113.773383,0.535224312,0.107011989,1.486983647,0.654625335,-0.101715587,0.459036733,0.40044471,-0.072327646,0.309250669,0.211397279,0.309248355,0.540932988,-0.108490213,2.085363052,0.897004647,0.873426093,-0.438253517
F33,8782.187848,0.711886195,0.150055541,1.369552366,0.693426003,-0.070950737,0.533690198,0.592536796,-0.050567624,0.386852006,0.263853145,0.386849096,0.466280444,-0.075850692,2.097617215,0.936893166,0.916007598,-0.343083419
F34,7648.960785,0.575557516,0.124370067,1.36582541,0.664722865,-0.075749867,0.482419565,0.435253637,-0.053974982,0.32944573,0.216265556,0.329443289,0.517551246,-0.080961657,2.416541952,0.908195086,0.907453004,-0.418940945
F35,7530.6875,0.578777898,0.123863546,1.324159735,0.665624414,-0.092109984,0.484866017,0.437105636,-0.064851005,0.331248827,0.218672072,0.33124633,0.51510118,-0.097275426,2.049134701,0.909240068,0.887531034,-0.417633687
F36,7230.842123,0.554562891,0.106309056,1.355108371,0.659368003,-0.089173652,0.469960569,0.417936127,-0.063485907,0.318736006,0.2222916,0.318733594,0.530007291,-0.095227816,2.159657981,0.902231672,0.890542236,-0.428750725
F37,7351.269422,0.576682944,0.119103905,1.389348501,0.664649446,-0.090528318,0.480936356,0.437093692,-0.063748441,0.329298892,0.222141522,0.329296331,0.519033583,-0.095621691,2.492280069,0.907835393,0.891691319,-0.417907342
F38,7662.968501,0.594649289,0.128257364,1.47253568,0.669244427,-0.077020407,0.491937025,0.451841434,-0.054468342,0.338488854,0.222492221,0.338486264,0.508032733,-0.08170175,2.318081584,0.912987113,0.90829413,-0.409517614
F39,8802.973643,0.699385622,0.149312918,1.360407827,0.690732671,-0.059687571,0.528596738,0.573119966,-0.042888662,0.381465341,0.258435029,0.381462518,0.471373129,-0.064332459,2.641785462,0.934140401,0.931123477,-0.34994122
F40,7281.081228,0.56375628,0.119875157,1.333826963,0.661570611,-0.094409449,0.474647044,0.425721885,-0.066901924,0.323141223,0.214066922,0.323138747,0.525322784,-0.10035178,2.110023824,0.904587037,0.884448692,-0.424273087
F41,7326.617643,0.568120938,0.109293222,1.459793479,0.662690927,-0.08822492,0.477165602,0.429565709,-0.062475379,0.325381855,0.226678826,0.325379353,0.522804417,-0.093712091,2.422934672,0.905819896,0.892913005,-0.422206878
F42,8720.111655,0.686816608,0.154153151,1.314263789,0.691705825,-0.078961171,0.541490343,0.532891401,-0.05405771,0.38341165,0.247223765,0.383408761,0.458479138,-0.081085758,2.045924701,0.937358593,0.907222581,-0.364567506
F43,7490.87312,0.554973041,0.107150857,1.375954162,0.65994666,-0.092327872,0.473092327,0.416088449,-0.065462392,0.31989332,0.222399285,0.319891,0.526877476,-0.098192464,1.851146921,0.903220793,0.885643307,-0.42937171
F44,7752.263799,0.595757242,0.131133916,1.416100327,0.669724948,-0.070800746,0.493618631,0.451744519,-0.050167065,0.339449896,0.221395531,0.33944734,0.506351177,-0.0752499,2.207354762,0.913634941,0.915492074,-0.409374705
F45,8552.41283,0.671664528,0.135696309,1.404829736,0.685851408,-0.076464577,0.522898292,0.535070469,-0.053671389,0.371702816,0.257059593,0.371700056,0.477070101,-0.080506317,2.109351039,0.929861429,0.910359875,-0.367501878
F46,8211.04236,0.644524138,0.132222704,1.448042483,0.681075809,-0.071717866,0.51718146,0.498345993,-0.050066702,0.362151619,0.245421348,0.362148866,0.482788294,-0.075099362,2.034410715,0.92565295,0.916005812,-0.384458943
F47,8351.572576,0.674684037,0.137509297,1.353241032,0.686873215,-0.06259273,0.526205666,0.541303782,-0.044338386,0.373746429,0.256612586,0.373743536,0.473763837,-0.06650708,2.07542565,0.931176319,0.929249896,-0.366315129
F48,7322.973575,0.573067137,0.117980135,1.405475529,0.663854592,-0.095400007,0.479834308,0.433781455,-0.067097871,0.327709184,0.221254722,0.327706644,0.520135503,-0.100645728,3.426526175,0.907096021,0.88500869,-0.419762472
F49,8518.932876,0.65613694,0.13335945,1.350583255,0.682524841,-0.080294059,0.516701307,0.51787922,-0.056663459,0.365049683,0.250831373,0.365047004,0.483268469,-0.08499429,2.027519393,0.926483667,0.902362672,-0.376028597
F50,7231.984676,0.549444063,0.117766352,1.232082423,0.658091239,-0.092572197,0.46673226,0.413087138,-0.065926482,0.316182479,0.208362532,0.316180079,0.533237772,-0.098888654,2.119683093,0.90082411,0.885725732,-0.431284589
